{"intents": [
    {
      "Intent": "greeting",
      "purpose": ["اناكويس","انا تمام","فى احسن حال","بخير","اهلا بيك","اهلا ازاى اقدر اساعدك؟"] },
    {
      "Intent": "thank",
      "purpose": ["العفو دا شغلى","انا موجود دايما لمساعدتك","مبسوط انى ساعدتك","العفو","العفو اتمنى تكون استفدت","العفو يا صديقى"]},
    {
      "Intent": "about bot",
      "purpose": ["اناشاتبوت مصرى عملنى طلبه مصريين اققدر اساعدك تحدد مستواك فى اللغه وكمان اقترح عليك كورسات تناسب مستواك وممكن ادخلك مع جروب يساعدك فى الماكرة لو حابب"]}
      
    ]}


